Bussiness__City,Bussiness__Country,Bussiness__Description,Bussiness__Name,Bussiness__StreetAddress,Bussiness__Zipcode,Customer__Address__line1,Customer__Address__line2,Customer__Email,Customer__Name,Customer__PhoneNumber,Invoice__BillDetails__Name,Invoice__BillDetails__Quantity,Invoice__BillDetails__Rate,Invoice__Description,Invoice__DueDate,Invoice__IssueDate,Invoice__Number,Invoice__Tax
Jamestown,"Tennessee, USA",We are here to serve you better. Reach out to us in case of any concern or feedbacks.,NearBy Electronics,3741 Glory Road,38556,231 Jayne Fields ,Mwanza ,Terri.Ernser@yahoo.comm,Terri Ernser ,415-897-1517 ,Small Metal Chicken ,42 ,21 ,mollit ea ad nostrud ex magna occaecat Lorem exercitation non officia ,03-07-2023,12-05-2023,CZ3912976277760755673015,10
Jamestown,"Tennessee, USA",We are here to serve you better. Reach out to us in case of any concern or feedbacks.,NearBy Electronics,3741 Glory Road,38556,231 Jayne Fields ,Mwanza ,Terri.Ernser@yahoo.comm,Terri Ernser ,415-897-1517 ,Refined Fresh Sausages ,58 ,81 ,mollit ea ad nostrud ex magna occaecat Lorem exercitation non officia ,03-07-2023,12-05-2023,CZ3912976277760755673015,10
Jamestown,"Tennessee, USA",We are here to serve you better. Reach out to us in case of any concern or feedbacks.,NearBy Electronics,3741 Glory Road,38556,231 Jayne Fields ,Mwanza ,Terri.Ernser@yahoo.comm,Terri Ernser ,415-897-1517 ,Rustic Soft Shoes ,97 ,60 ,mollit ea ad nostrud ex magna occaecat Lorem exercitation non officia ,03-07-2023,12-05-2023,CZ3912976277760755673015,10
Jamestown,"Tennessee, USA",We are here to serve you better. Reach out to us in case of any concern or feedbacks.,NearBy Electronics,3741 Glory Road,38556,231 Jayne Fields ,Mwanza ,Terri.Ernser@yahoo.comm,Terri Ernser ,415-897-1517 ,Sleek Cotton Pizza ,85 ,43 ,mollit ea ad nostrud ex magna occaecat Lorem exercitation non officia ,03-07-2023,12-05-2023,CZ3912976277760755673015,10
Jamestown,"Tennessee, USA",We are here to serve you better. Reach out to us in case of any concern or feedbacks.,NearBy Electronics,3741 Glory Road,38556,231 Jayne Fields ,Mwanza ,Terri.Ernser@yahoo.comm,Terri Ernser ,415-897-1517 ,Handmade Fresh Shirt ,19 ,65 ,mollit ea ad nostrud ex magna occaecat Lorem exercitation non officia ,03-07-2023,12-05-2023,CZ3912976277760755673015,10
Jamestown,"Tennessee, USA",We are here to serve you better. Reach out to us in case of any concern or feedbacks.,NearBy Electronics,3741 Glory Road,38556,231 Jayne Fields ,Mwanza ,Terri.Ernser@yahoo.comm,Terri Ernser ,415-897-1517 ,Generic Concrete Pizza ,85 ,66 ,mollit ea ad nostrud ex magna occaecat Lorem exercitation non officia ,03-07-2023,12-05-2023,CZ3912976277760755673015,10
Jamestown,"Tennessee, USA",We are here to serve you better. Reach out to us in case of any concern or feedbacks.,NearBy Electronics,3741 Glory Road,38556,231 Jayne Fields ,Mwanza ,Terri.Ernser@yahoo.comm,Terri Ernser ,415-897-1517 ,Ergonomic Granite Pants ,47 ,51 ,mollit ea ad nostrud ex magna occaecat Lorem exercitation non officia ,03-07-2023,12-05-2023,CZ3912976277760755673015,10
Jamestown,"Tennessee, USA",We are here to serve you better. Reach out to us in case of any concern or feedbacks.,NearBy Electronics,3741 Glory Road,38556,231 Jayne Fields ,Mwanza ,Terri.Ernser@yahoo.comm,Terri Ernser ,415-897-1517 ,Awesome Plastic Table ,106 ,88 ,mollit ea ad nostrud ex magna occaecat Lorem exercitation non officia ,03-07-2023,12-05-2023,CZ3912976277760755673015,10
Jamestown,"Tennessee, USA",We are here to serve you better. Reach out to us in case of any concern or feedbacks.,NearBy Electronics,3741 Glory Road,38556,231 Jayne Fields ,Mwanza ,Terri.Ernser@yahoo.comm,Terri Ernser ,415-897-1517 ,Awesome Plastic Cheese ,111 ,98 ,mollit ea ad nostrud ex magna occaecat Lorem exercitation non officia ,03-07-2023,12-05-2023,CZ3912976277760755673015,10
